bgg_id,ano,rank,nome
224517,2018,1,Brass: Birmingham
342942,2021,2,Ark Nova
174430,2017,4,Gloomhaven
316554,2020,5,Dune: Imperium
233078,2017,6,Twilight Imperium: Fourth Edition
115746,2011,7,War of the Ring: Second Edition
397598,2023,8,Dune: Imperium – Uprising
167791,2016,9,Terraforming Mars
187645,2016,10,Star Wars: Rebellion
162886,2017,11,Spirit Island
291457,2020,12,Gloomhaven: Jaws of the Lion
220308,2017,13,Gaia Project
12333,2005,14,Twilight Struggle
84876,2011,15,The Castles of Burgundy
182028,2015,16,Through the Ages: A New Story of Civilization
193738,2016,17,Great Western Trail
28720,2007,20,Brass: Lancashire
173346,2015,21,7 Wonders Duel
169786,2016,22,Scythe
167355,2018,23,Nemesis
177736,2016,24,A Feast for Odin
418059,2024,25,SETI: Search for Extraterrestrial Intelligence
124361,2013,28,Concordia
421006,2024,29,The Lord of the Rings: Duel for Middle-earth
312484,2020,30,Lost Ruins of Arnak
205637,2016,32,Arkham Horror: The Card Game
237182,2018,33,Root
373106,2023,34,Sky Team
120677,2012,35,Terra Mystica
164928,2014,37,Orléans
266192,2019,38,Wingspan
96848,2011,39,Mage Knight Board Game
251247,2019,40,Barrage
199792,2018,41,Everdell
321608,2023,42,Hegemony: Lead Your Class to Victory
183394,2015,43,Viticulture Essential Edition
324856,2021,44,The Crew: Mission Deep Sea
521,1876,45,Crokinole
366013,2022,46,Heat: Pedal to the Metal
284378,2020,47,Kanban EV
285774,2019,48,Marvel Champions: The Card Game
175914,2015,49,Food Chain Magnate
247763,2018,50,Underwater Cities
256960,2019,51,Pax Pamir: Second Edition
3076,2002,53,Puerto Rico
383179,2023,54,Age of Innovation
184267,2020,55,On Mars
295947,2021,56,Cascadia
102794,2013,58,Caverna: The Cave Farmers
185343,2017,59,Anachrony
170216,2015,61,Blood Rage
31260,2007,62,Agricola
414317,2024,64,Harmonies
182874,2015,65,Grand Austria Hotel
161533,2017,67,Lisboa
255984,2021,69,Sleeping Gods
205059,2016,71,Mansions of Madness: Second Edition
126163,2012,72,Tzolk'in: The Mayan Calendar
2651,2004,73,Power Grid
216132,2017,74,Clans of Caledonia
244521,2018,76,The Quacks of Quedlinburg
371942,2023,77,The White Castle
266810,2019,78,Paladins of the West Kingdom
35677,2008,79,Le Havre
125153,2015,80,The Gallerist
164153,2014,81,Star Wars: Imperial Assault
124742,2012,82,Android: Netrunner
200680,2016,83,Agricola (Revised Edition)
276025,2019,84,Maracaibo
209010,2016,86,Mechs vs. Minions
284083,2019,88,The Crew: The Quest for Planet Nine
322289,2023,89,Darwin's Journey
28143,2007,90,Race for the Galaxy
332772,2022,91,Revive
230802,2017,92,Azul
157354,2014,93,Five Tribes: The Djinns of Naqala
201808,2016,96,Clank!: A Deck-Building Adventure
159675,2014,97,Fields of Arle
72125,2011,98,Eclipse: New Dawn for the Galaxy
93,1995,100,El Grande
191189,2016,101,Aeon's End
291453,2019,102,SCOUT
110327,2012,103,Lords of Waterdeep
359871,2024,105,Arcs
229853,2018,106,Teotihuacan: City of Gods
317985,2020,107,Beyond the Sun
62219,2010,108,Dominant Species
25613,2006,109,Through the Ages: A Story of Civilization
279537,2020,110,The Search for Planet X
68448,2010,111,7 Wonders
121921,2012,112,Robinson Crusoe: Adventures on the Cursed Island
171623,2015,113,The Voyages of Marco Polo
364073,2022,114,Splendor Duel
225694,2018,115,Decrypto
367966,2024,116,Endeavor: Deep Sea
163068,2015,117,Trickerion: Legends of Illusion
155821,2016,118,Inis
12,1999,119,Ra
37111,2008,120,Battlestar Galactica: The Board Game
217372,2017,121,The Quest for El Dorado
310873,2022,122,Carnegie
236457,2018,125,Architects of the West Kingdom
310100,2022,126,Nemesis: Lockdown
42,1997,128,Tigris & Euphrates
122515,2012,129,Keyflower
170042,2015,131,Raiders of the North Sea
40834,2009,132,Dominion: Intrigue
146021,2013,133,Eldritch Horror
18602,2005,134,Caylus
203993,2016,135,Lorenzo il Magnifico
73439,2010,136,Troyes
4098,2002,138,Age of Steam
172386,2015,140,Mombasa
163412,2014,141,Patchwork
36218,2008,142,Dominion
102680,2011,143,Trajan
218417,2017,144,Aeon's End: War Eternal
12493,2005,145,Twilight Imperium: Third Edition
43015,2009,146,Hansa Teutonica
144733,2013,147,Russian Railroads
396790,2023,148,Nucleum
413246,2024,149,Bomb Busters
175640,2016,150,Vinhos: Deluxe Edition
205896,2018,151,Rising Sun
196340,2016,152,Yokohama
254640,2018,154,Just One
175155,2015,155,Forbidden Stars
198928,2016,156,Iberia
233371,2017,157,Clank! In! Space!: A Deck-Building Adventure
178900,2015,159,Codenames
391163,2023,160,Forest Shuffle
172287,2015,161,Champions of Midgard
189932,2016,162,Tyrants of the Underdark
220877,2017,163,Rajas of the Ganges
30549,2008,165,Pandemic
132531,2014,166,Roll for the Galaxy
266524,2019,168,PARKS
118048,2012,169,Targi
147020,2014,170,Star Realms
14996,2005,173,Ticket to Ride: Europe
161970,2014,174,Alchemists
262712,2019,175,Res Arcana
263918,2019,176,Cartographers
268864,2019,177,Undaunted: Normandy
209418,2016,178,Dominion (Second Edition)
271324,2019,179,It's a Wonderful World
274364,2019,180,Watergate
77423,2011,182,The Lord of the Rings: The Card Game
34635,2008,183,Stone Age
281259,2019,184,The Isle of Cats
308765,2020,185,Praga Caput Regni
328871,2021,186,Terraforming Mars: Ares Expedition
148949,2014,187,Istanbul
294484,2020,188,Unmatched: Cobble & Fog
127023,2012,189,Kemet
82222,2014,190,Xia: Legends of a Drift System
2511,1981,191,Sherlock Holmes Consulting Detective: The Thames Murders & Other Cases
265188,2019,193,Glen More II: Chronicles
296151,2020,194,Viscounts of the West Kingdom
146652,2014,195,Legendary Encounters: An Alien Deck Building Game
233398,2018,196,Endeavor: Age of Sail
283948,2019,197,Marco Polo II: In the Service of the Khan
244522,2018,198,Optimus
54043,2009,200,Jaipur
329082,2021,202,Radlands
233867,2018,204,Welcome To...
350184,2023,205,Earth
283355,2019,206,Dune
316377,2020,209,7 Wonders (Second Edition)
188920,2017,210,This War of Mine: The Board Game
43111,2009,211,Chaos in the Old World
9609,2004,212,War of the Ring
314491,2021,213,Meadow
10630,2004,215,Memoir '44
227224,2020,216,The Red Cathedral
118,1992,217,Modern Art
199561,2017,218,Sagrada
104162,2012,219,Descent: Journeys in the Dark (Second Edition)
25021,2011,221,Sekigahara: The Unification of Japan
39463,2008,222,Cosmic Encounter
155426,2014,224,Castles of Mad King Ludwig
300531,2020,225,Paleo
128882,2012,228,The Resistance: Avalon
103343,2011,230,A Game of Thrones: The Board Game (Second Edition)
287954,2019,231,Azul: Summer Pavilion
17133,2005,232,Railways of the World
282524,2019,233,Horrified
299659,2021,234,Clash of Cultures: Monumental Edition
31627,2007,235,Ticket to Ride: Nordic Countries
822,2000,236,Carcassonne
70149,2011,237,Ora et Labora
148228,2014,238,Splendor
171131,2016,239,Captain Sonar
400602,2024,240,Civolution
429293,2024,241,The Fellowship of the Ring: Trick-Taking Game
104006,2011,242,Village
123260,2012,243,Suburbia
14105,2006,244,Commands & Colors: Ancients
342070,2023,246,Thunder Road: Vendetta
215,1991,247,Tichu
269207,2019,248,As Tabernas do Vale Profundo
150376,2014,249,Dead of Winter: A Crossroads Game
293014,2020,251,Nidavellir
7854,2003,252,YINSH
9209,2004,253,Ticket to Ride
182631,2015,254,Star Realms: Colony Wars
165722,2014,255,KLASK
245638,2018,256,Coimbra
91,1999,257,Paths of Glory
306735,2020,258,Under Falling Skies
188834,2016,259,Secret Hitler
283155,2020,261,Calico
126042,2013,262,Nations
54998,2009,263,Cyclades
260605,2018,264,Camel Up (Second Edition)
385761,2023,265,Faraway
195421,2017,267,Near and Far
224037,2017,269,Codenames: Duet
367220,2022,270,Sea Salt & Paper
420033,2025,271,Vantage
146886,2014,273,La Granja
232832,2017,274,Century: Golem Edition
158600,2013,276,Hanamikoji
3,1998,277,Samurai
156129,2014,279,Deception: Murder in Hong Kong
192291,2016,280,Sushi Go Party!
232405,2018,281,Western Legends
199478,2016,285,Flamme Rouge
274637,2019,286,"Unmatched: Battle of Legends, Volume One"
416851,2024,287,Castle Combo
176494,2015,288,Isle of Skye: From Chieftain to King
19857,2005,289,Glory to Rome
224783,2018,290,Vindication
169426,2016,291,Roll Player
300322,2020,292,Hallertau
555,2000,293,The Princes of Florence
351913,2022,294,Tiletum
286096,2019,295,Tapestry
311193,2020,296,Anno 1800: The Board Game
228341,2017,297,Pulsar 2849
198994,2016,298,Hero Realms
323612,2021,299,Bitoku
194655,2016,300,Santorini
150145,2013,301,Skull King
9216,2004,303,Goa: A New Expedition
109276,2014,304,Kanban: Driver's Edition
421,1986,308,1830: Railways & Robber Barons
20551,2006,309,Shogun
31481,2007,310,Galaxy Trucker
128621,2013,312,Viticulture
230253,2018,315,Star Realms: Frontiers
284653,2021,317,Mind MGMT: The Psychic Espionage “Game.”
140620,2013,318,Lewis & Clark: The Expedition
27708,2007,319,1960: The Making of the President
127060,2013,320,Bora Bora
760,2000,321,Battle Line
305096,2022,323,Endless Winter: Paleoamericans
204583,2016,324,Kingdomino
223321,2018,325,Detective: A Modern Crime Board Game
2655,2001,326,Hive
206718,2017,327,Ethnos
277085,2019,328,Love Letter
144344,2013,330,Rococo
246784,2018,331,Cryptid
239188,2018,332,Chronicles of Crime
27833,2009,333,Steam
244271,2018,335,Dice Throne: Season Two – Battle Chest
329500,2024,339,Unconscious Mind
108745,2012,340,Seasons
146508,2015,341,T.I.M.E Stories
92828,2011,343,Dixit: Odyssey
50,1999,344,Lost Cities
349067,2022,345,The Lord of the Rings: The Card Game – Revised Core Set
46213,2009,346,Telestrations
350316,2022,347,Wayfarers of the South Tigris
160477,2014,348,Onitama
332800,2021,349,Summoner Wars (Second Edition)
172,1997,351,For Sale
257499,2018,352,Arkham Horror (Third Edition)
295374,2022,353,Long Shot: The Dice Game
155068,2014,354,Arcadia Quest
19777,2005,355,Indonesia
176734,2016,357,The Manhattan Project: Energy Empire
66589,2010,358,Navegador
24181,2006,359,Imperial
5,1963,360,Acquire
319966,2020,361,The King Is Dead: Second Edition
342810,2022,362,Marrakesh
129622,2012,363,Love Letter
97207,2011,364,Dungeon Petz
350933,2022,365,The Guild of Merchant Explorers
345972,2022,367,Cat in the Box: Deluxe Edition
2653,1982,368,Survive: Escape from Atlantis!
38453,2008,369,Space Alert
308119,2021,370,Pax Renaissance: 2nd Edition
22545,2007,371,Age of Empires III: The Age of Discovery
47,1999,373,Chinatown
54,1999,374,Tikal
209685,2017,375,Century: Spice Road
155873,2014,378,Power Grid Deluxe: Europe/North America
260180,2020,379,Project L
143693,2013,380,Glass Road
136888,2013,381,Bruges
234277,2017,382,Nusfjord
227789,2017,383,Heaven & Ale
154203,2014,385,Imperial Settlers
63888,2010,386,Innovation
163967,2015,387,Tiny Epic Galaxies
54138,2009,388,Imperial 2030
181279,2015,389,Fury of Dracula (Third/Fourth Edition)
187617,2017,390,Nemo's War (Second Edition)
188866,2016,391,Awkward Guests: The Walton Case
336986,2022,393,Flamecraft
93260,2011,395,Summoner Wars: Master Set
202426,2017,396,Sidereal Confluence
400366,2024,398,Wondrous Creatures
301880,2020,399,Raiders of Scythia
48726,2010,400,Alien Frontiers
40692,2009,401,Small World
59294,2010,403,Runewars
203420,2016,404,Exit: The Game – The Abandoned Cabin
172081,2015,405,Burgle Bros.
318084,2020,406,Furnace
21241,2006,407,Neuroshima Hex! 3.0
25292,2010,408,Merchants & Marauders
304420,2020,409,Bonfire
345584,2022,410,Mindbug: First Contact
172818,2015,411,Above and Below
246192,2018,412,Gizmos
219513,2017,413,Bärenpark
247367,2019,414,"Air, Land & Sea"
193037,2016,415,Dead of Winter: The Long Night
39856,2008,416,Dixit
176920,2015,418,Mission: Red Planet (Second/Third Edition)
77130,2010,419,Sid Meier's Civilization: The Board Game
140934,2015,420,Arboretum
297030,2020,421,Tekhenu: Obelisk of the Sun
59959,2011,422,Letters from Whitechapel
128271,2012,423,Ginkgopolis
45315,2009,424,Dungeon Lords
372,1999,425,Schotten Totten
40354,2009,426,Maria
13122,2004,427,Antiquity
70919,2011,428,Takenoko
155987,2014,429,Abyss
199042,2016,431,Harry Potter: Hogwarts Battle
351040,2022,432,Ready Set Bet
146439,2013,433,BattleLore: Second Edition
181304,2015,434,Mysterium
8217,2004,435,San Juan
245934,2018,436,Carpe Diem
246684,2018,437,Smartphone Inc.
119890,2012,439,Agricola: All Creatures Big and Small
90137,2011,440,Blood Bowl: Team Manager – The Card Game
37046,2008,441,Ghost Stories
368173,2024,442,Let's Go! To Japan
41114,2009,444,The Resistance
269210,2019,447,Optimus 2
357563,2022,449,Akropolis
24480,2006,450,The Pillars of the Earth
25554,2007,451,Notre Dame
244711,2018,452,Newton
234487,2017,455,Altiplano
303057,2020,456,Pan Am
192458,2016,458,51st State: Master Set
177478,2015,461,IKI
39683,2009,462,At the Gates of Loyang
234,1996,463,Hannibal: Rome vs. Carthage
250458,2018,464,Gùgōng
9217,2004,465,Saint Petersburg
318182,2021,467,Imperium: Legends
15987,2005,469,Arkham Horror
206480,2020,470,Imperial Struggle
101721,2012,471,Mage Wars Arena
92415,2011,472,Skull
70323,2011,473,King of Tokyo
343905,2021,474,Boonlake
236191,2017,475,London (Second Edition)
258210,2019,476,Blitzkrieg!: World War Two in 20 Minutes
194594,2017,479,Dice Forge
365258,2023,480,World Wonders
31594,2007,482,In the Year of the Dragon
198773,2016,485,Codenames: Pictures
215311,2017,486,Downforce
21348,2006,487,Ticket to Ride: Märklin
128671,2012,488,Spartacus: A Game of Blood and Treachery
385610,2023,489,Kutná Hora: The City of Silver
33160,2009,490,Endeavor
256226,2018,491,Azul: Stained Glass of Sintra
293141,2020,492,King of Tokyo: Dark Edition
1,1986,494,Die Macher
34219,2007,497,Biblios
138161,2013,498,Firefly: The Game
265736,2019,499,Tiny Towns
166669,2014,501,San Juan (Second Edition)
328565,2022,504,Caper: Europe
151347,2016,505,Millennium Blades
71,1980,507,Civilization
397385,2023,508,Pirates of Maracaibo
182134,2016,509,Evolution: Climate
229220,2017,512,Santa Maria
66188,2010,518,Fresco
355093,2022,519,Woodcraft
17392,2006,520,Here I Stand
156858,2016,523,Black Orchestra
100901,2011,525,Flash Point: Fire Rescue
386368,2024,526,Ezra and Nehemiah
251658,2018,528,Sprawlopolis
27162,2007,529,Kingsburg
18833,2005,531,The Lord of the Rings: The Confrontation
154809,2015,532,Nippon
220,1995,533,High Society
55670,2009,534,Macao
204305,2016,535,Sherlock Holmes Consulting Detective: Jack the Ripper & West End Adventures
353288,2022,537,Trekking Through History
161614,2015,538,Stockpile
40765,2012,539,Clash of Cultures
11,1997,540,Bohnanza
124708,2012,541,Mice and Mystics
367041,2023,542,Scholars of the South Tigris
264241,2019,544,Mandala
144189,2014,545,Fire in the Lake
12942,2004,546,No Thanks!
158899,2014,547,Colt Express
503,1998,548,Through the Desert
36932,2009,549,Claustrophobia
63628,2012,552,The Manhattan Project
121,1979,553,Dune
96913,2011,557,Lancaster
205398,2016,558,Citadels
269144,2019,560,Hadara
290359,2020,561,Undaunted: North Africa
66362,2010,562,Glen More
256952,2018,563,Zombie Kidz Evolution
176396,2016,565,Quadropolis
256730,2019,566,Pipeline
79828,2011,567,A Few Acres of Snow
359438,2022,568,Skymines
478,2000,571,Citadels
270844,2019,572,Imperial Settlers: Empires of the North
43570,2011,574,Friday
15062,2005,578,Shadows over Camelot
307002,2020,579,Regicide
180974,2015,580,Potion Explosion
274960,2019,581,Point Salad
353545,2022,582,Next Station: London
98778,2010,583,Hanabi
20437,2010,584,Lords of Vegas
233312,2018,585,Stuffed Fables
5404,2003,586,Amun-Re
137408,2013,590,Amerigo
25417,2006,594,BattleLore
136063,2013,595,Forbidden Desert
162082,2014,596,Deus
150658,2014,599,Pandemic: The Cure
157969,2014,600,Sheriff of Nottingham
83330,2011,602,Mansions of Madness
21790,2006,603,Thurn and Taxis
6249,2003,606,Alhambra
13,1995,607,CATAN
17226,2005,608,Descent: Journeys in the Dark
191862,2016,609,Imhotep
348450,2022,614,Lacrimosa
245654,2018,615,Railroad Ink: Deep Blue Edition
156009,2014,616,Port Royal
117959,2012,618,Las Vegas
284435,2019,619,Nova Luna
144797,2015,620,Argent: The Consortium
9674,2004,621,Ingenious
177639,2015,623,Raptor
417197,2024,624,Rebirth
142379,2019,625,Escape Plan
62227,2010,628,"Labyrinth: The War on Terror, 2001 – ?"
97786,2011,631,Small World Underground
280794,2020,632,Etherfields
196326,2016,633,Love Letter: Premium Edition
153938,2014,635,Camel Up
218074,2019,636,Detective: City of Angels
91312,2011,637,Discworld: Ankh-Morpork
28023,2007,638,Jamaica
84419,2011,639,Space Empires 4X
181530,2015,640,Runebound (Third Edition)
262215,2018,641,Blackout: Hong Kong
18,1994,642,RoboRally
31730,2007,643,Wabash Cannonball
133473,2013,644,Sushi Go!
125618,2012,646,Libertalia
119506,2013,647,Freedom: The Underground Railroad
171668,2015,648,The Grizzled
183251,2015,651,Karuba
90419,2011,652,Airlines Europe
97842,2011,653,Last Will
163968,2015,654,Elysium
172308,2015,656,Broom Service
2346,2001,657,DVONN
206941,2016,659,First Class: All Aboard the Orient Express!
127398,2012,660,Legends of Andor
221965,2017,661,The Fox in the Forest
65781,2010,662,London
264055,2019,664,Draftosaurus
27173,2007,665,Vikings
147949,2014,666,One Night Ultimate Werewolf
133848,2013,667,Euphoria: Build a Better Dystopia
102652,2011,670,Sentinels of the Multiverse
346965,2021,671,Azul: Queen's Garden
4390,2002,672,Carcassonne: Hunters and Gatherers
432,1994,673,6 nimmt!
265402,2019,675,In the Hall of the Mountain King
307305,2021,676,Bullet♥︎
15363,2005,677,Nexus Ops
475,2000,679,Taj Mahal
95527,2013,680,Madeira
105551,2012,681,Archipelago
213460,2017,682,Unlock!: Escape Adventures
34119,2009,683,Tales of the Arabian Nights
36553,2008,687,Time's Up! Title Recall!
232043,2017,688,Queendomino
304051,2022,689,Creature Comforts
27746,2007,690,Colosseum
193949,2016,691,Star Trek: Ascendancy
216734,2018,692,Dice Throne: Season One
237179,2022,693,Weather Machine
133038,2013,695,Pathfinder Adventure Card Game: Rise of the Runelords – Base Set
42215,2009,698,Tobago
408180,2024,700,Shackleton Base: A Journey to the Moon
131357,2012,701,Coup
42052,2010,703,Vinhos
128780,2012,704,Pax Porfiriana
58421,2009,705,Egizia
269511,2019,710,Cooper Island
346501,2021,712,Mille Fiori
5782,2003,713,Coloretto
404431,2024,714,Men-Nefer
111799,2013,715,Cuba Libre
337765,2021,717,Brian Boru: High King of Ireland
192836,2016,718,The Colonists
298383,2021,719,Golem
141572,2014,720,Paperback
369880,2022,721,Beer & Bread
39351,2009,722,Automobile
9625,2004,723,Struggle of Empires
270673,2019,724,Silver & Gold
345868,2022,726,Federation
329551,2022,728,Mosaic: A Story of Civilization
123123,2013,729,BattleCON: Devastation of Indines
244114,2018,731,Yellow & Yangtze
140603,2013,732,Francis Drake
30869,2007,736,Thebes
6472,2003,739,A Game of Thrones
135779,2011,741,A Fake Artist Goes to New York
328479,2021,745,Living Forest
37904,2008,747,Formula D
13004,2004,749,The Downfall of Pompeii
10547,2004,751,Betrayal at House on the Hill
143519,2013,753,Quantum
155703,2014,754,Evolution
306040,2020,755,Merv: The Heart of the Silk Road
334065,2022,758,Verdant
262941,2021,759,Dominant Species: Marine
1353,1999,761,Time's Up!
24508,2006,762,Taluva
107529,2011,763,Kingdom Builder
171499,2015,764,Cacao
41,1980,765,Can't Stop
169255,2015,766,A Game of Thrones: The Card Game (Second Edition)
174785,2016,767,Mare Nostrum: Empires
209778,2017,768,Magic Maze
3201,2002,769,Lord of the Rings: The Confrontation
100423,2011,771,Elder Sign
283864,2019,772,Trails of Tucana
233247,2017,773,Civilization: A New Dawn
300300,2020,774,Chronicles of Crime: 1400
361545,2022,779,Twilight Inscription
218603,2017,783,Photosynthesis
21763,2006,784,Mr. Jack
121408,2012,786,Trains
180593,2015,787,The Bloody Inn
296912,2020,788,Fort
266164,2019,789,Babylonia
163839,2018,790,Feudum
338957,2021,795,Caesar!: Seize Rome in 20 Minutes!
69789,2010,796,Ascension: Deckbuilding Game
283863,2019,797,The Magnificent
346703,2021,798,7 Wonders: Architects
193558,2016,800,The Oracle of Delphi
242639,2018,804,Treasure Island
301255,2020,805,Whistle Mountain
113294,2012,806,Escape: The Curse of the Temple
198953,2016,808,Pax Renaissance
88,1999,809,Torres
403441,2024,810,Windmill Valley
2955,2002,811,Mexica
249381,2018,814,The Estates
119432,2012,816,Snowdonia
220517,2017,818,The Shipwreck Arcana
183840,2015,819,Oh My Goods!
58281,2009,820,Summoner Wars
123540,2012,821,Tokaido
30380,2007,824,Cuba
71721,2010,826,Space Hulk: Death Angel – The Card Game
50750,2011,827,Belfort
167400,2015,828,Ashes Reborn: Rise of the Phoenixborn
183562,2015,829,Star Wars: X-Wing Miniatures Game – The Force Awakens Core Set
7717,2003,831,Carcassonne: The Castle
156336,2014,834,Onirim (Second Edition)
213893,2017,835,Yamatai
257501,2018,837,KeyForge: Call of the Archons
168584,2015,838,Love Letter: Batman
70512,2010,839,Luna
270970,2019,840,Century: A New World
238799,2021,841,Messina 1347
203416,2016,842,Exit: The Game – The Pharaoh's Tomb
126792,2012,843,Myrmes
20100,2005,844,Las Vegas Quiz
280480,2019,846,Crystal Palace
154825,2014,847,Arkwright
281442,2019,848,Trismegistus: The Ultimate Formula
165401,2014,849,Wir sind das Volk!
146278,2013,851,Tash-Kalar: Arena of Legends
121288,2012,852,Dixit: Journey
143741,2013,853,BANG! The Dice Game
483,1959,854,Diplomacy
45,1800,856,Perudo
256788,2018,857,Detective Club
134726,2013,858,Smash Up: Awesome Level 9000
20963,2005,859,Fury of Dracula (Second Edition)
1465,1984,860,Wizard
232219,2017,862,Dragon Castle
158435,2014,863,Dogs of War
363307,2022,864,Evergreen
143515,2013,865,Coal Baron
255692,2018,867,New Frontiers
73761,2010,868,K2
168435,2015,869,Between Two Cities
242574,2018,870,Century: Eastern Wonders
65532,2010,873,Defenders of the Realm
2453,2000,874,Blokus
87890,2010,875,Prêt-à-Porter
40628,2009,877,Finca
299169,2020,878,Spicy
241724,2019,881,Villagers
15512,2005,883,Diamant
72321,2016,885,The Networks
155624,2015,887,Specter Ops
181521,2015,888,Warhammer Quest: The Adventure Card Game
244331,2018,890,Blue Lagoon
21882,2006,891,Blue Moon City
244228,2018,892,Reef
276498,2019,893,Paris: La Cité de la Lumière
264052,2019,894,Circadians: First Light
51,1999,895,Ricochet Robots
15364,2005,896,Vegas Showdown
382843,2023,897,Evacuation
73171,2010,898,Earth Reborn
160495,2014,900,ZhanGuo
300877,2020,902,New York Zoo
214887,2018,903,CO₂: Second Chance
22345,2006,904,Yspahan
169654,2014,907,Deep Sea Adventure
68425,2011,908,Eminent Domain
181687,2015,912,The Pursuit of Happiness
214029,2018,913,SpaceCorp: 2025-2300AD
8125,2003,914,Santiago
204516,2017,915,878 Vikings: Invasions of England
256382,2018,917,Disney Villainous: The Worst Takes it All
220520,2017,918,Caverna: Cave vs Cave
251678,2018,919,Railroad Ink: Blazing Red Edition
116998,2012,921,Thunderstone Advance: Towers of Ruin
47185,2009,922,Warhammer: Invasion
3307,2002,923,Wallenstein
200147,2016,924,Kanagawa
256570,2018,927,Crown of Emara
372559,2022,928,Spots
218121,2018,929,Dice Hospital
201825,2017,930,Ex Libris
156943,2014,931,Saint Petersburg (Second Edition)
239472,2019,932,Abomination: The Heir of Frankenstein
249277,2021,936,Brazil: Imperial
161417,2014,937,Red7
203417,2016,938,Exit: The Game – The Secret Lab
55600,2009,939,Shipyard
171273,2015,940,FUSE
43528,2009,941,World Without End
194879,2016,944,Not Alone
285984,2019,945,Last Bastion
173442,2015,947,Empires: Age of Discovery
394106,2023,948,Everdell Farshore
162286,2015,949,Super Motherload
338760,2021,950,Imperial Steam
217780,2017,956,Gentes
170416,2016,957,Vast: The Crystal Caverns
175117,2015,958,Celestia
234477,2017,959,Battle for Rokugan
387780,2023,960,Rats of Wistar
131287,2014,961,Panamax
30645,2007,962,Tammany Hall
275467,2019,963,Letter Jam
56692,2007,964,Parade
218479,2018,965,Cerebria: The Inside World
192457,2016,967,Cry Havoc
160499,2014,969,King of New York
176165,2015,970,Dale of Merchants
122298,2012,971,Fungi
131260,2012,974,Qwixx
267319,2019,976,Roam
12002,2004,977,Jambo
197443,2017,978,Fugitive
179275,2016,983,One Deck Dungeon
230244,2019,986,Black Angel
36235,2013,988,The Duke
91872,2011,989,Dungeons & Dragons: The Legend of Drizzt Board Game
219215,2017,991,Werewords
191051,2017,994,Outlive
284818,2019,996,Caylus 1303
252153,2019,997,Tang Garden
216459,2017,998,The Lost Expedition
156566,2014,999,Lords of Xidit
110277,2012,1002,Among the Stars
245643,2018,1004,Luxor
528,1999,1005,Zertz
65244,2010,1006,Forbidden Island
163602,2015,1008,XCOM: The Board Game
26997,2012,1010,1989: Dawn of Freedom
12891,2004,1012,Friedrich
91514,2011,1013,Rhino Hero
179803,2017,1015,Arcadia Quest: Inferno
103886,2012,1017,Star Wars: The Card Game
41002,2009,1021,Vasco da Gama
137269,2013,1023,Spyrium
12962,2004,1024,Reef Encounter
402676,2024,1031,Cities
112,1995,1032,Condottiere
368058,2022,1036,The Wolves
235488,2017,1038,Istanbul: The Dice Game
177590,2016,1039,"13 Days: The Cuban Missile Crisis, 1962"
155362,2014,1040,Ca$h 'n Guns 2
53953,2009,1041,Thunderstone
119788,2014,1042,Hyperborea
329465,2021,1043,Red Rising
12902,2004,1044,Carcassonne: The City
117915,2012,1048,Yedo
173,1997,1049,Formula Dé
25669,2006,1052,Qwirkle
154458,2014,1053,Akrotiri
1041,2001,1056,San Marco
94,1999,1058,Union Pacific
166384,2014,1059,Spyfall
195137,2015,1060,Catacombs (Third Edition)
98229,2011,1062,Pictomania
244992,2018,1065,The Mind
11971,2004,1066,Cockroach Poker
160851,2015,1068,Lanterns: The Harvest Festival
129948,2012,1069,The Palaces of Carrara
199966,2017,1071,Kingsburg (Second Edition)
362452,2022,1074,Atiwa
1345,2001,1075,Genoa
295262,2022,1078,Sniper Elite: The Board Game
148575,2014,1080,Marvel Dice Masters: Avengers vs. X-Men
113997,2013,1081,Tajemnicze Domostwo
59946,2010,1086,Dungeons & Dragons: Castle Ravenloft Board Game
360265,2022,1090,Sabika
24800,2008,1092,Conflict of Heroes: Awakening the Bear! – Russia 1941-42
252526,2018,1094,Pictomania (Second Edition)
202408,2016,1097,Adrenaline
27588,2007,1098,Zooloretto
325022,2021,1099,Coffee Traders
223953,2017,1100,Kitchen Rush
177678,2015,1102,Signorie
242804,2018,1103,Lowlands
35570,2008,1104,Tinners' Trail
305682,2021,1107,Rolling Realms
147151,2013,1108,Concept
193214,2017,1110,Meeple Circus
9440,2004,1113,Maharaja: The Game of Palace Building in India
158889,2014,1117,Summoner Wars: Alliances Master Set
340041,2021,1118,Kingdomino Origins
38054,2008,1119,Snow Tails
318983,2020,1120,Faiyum
201921,2017,1121,Tiny Epic Quest
66356,2011,1122,Dungeons & Dragons: Wrath of Ashardalon Board Game
270971,2019,1123,Era: Medieval Age
203427,2016,1125,Fabled Fruit
368017,2023,1126,Point City
191977,2016,1127,The Castles of Burgundy: The Card Game
26566,2009,1128,Homesteaders
172047,2016,1129,The Others
491,2000,1130,Web of Power
8203,2003,1132,"Hey, That's My Fish!"
13642,2005,1133,Louis XIV
276894,2019,1137,Ticket to Ride: London
154086,2015,1140,Gold West
15817,2005,1143,Manila
241266,2017,1144,Little Town
245476,2018,1146,CuBirds
375651,2023,1149,That's Not a Hat
151004,2014,1150,Smash Up: Science Fiction Double Feature
228504,2017,1151,Cat Lady
279254,2019,1152,Ecos: First Continent
227515,2017,1153,Riverboat
98351,2011,1154,Core Worlds
66056,2010,1155,Rivals for Catan
132028,2012,1158,Conflict of Heroes: Awakening the Bear! – Operation Barbarossa 1941 (Second Edition)
106217,2011,1160,Hawaii
52461,2013,1163,Legacy: The Testament of Duke de Crecy
169124,2015,1164,Flick 'em Up!
1382,2001,1165,Winner's Circle
195314,2017,1166,Herbaceous
153065,2014,1168,Abluxxen
40793,2009,1170,Dice Town
191300,2016,1173,Archaeology: The New Expedition
82421,2009,1176,Summoner Wars: Phoenix Elves vs Tundra Orcs
65901,2010,1177,Age of Industry
37628,2010,1179,Haggis
178336,2016,1180,World's Fair 1893
217861,2017,1183,Paper Tales
204027,2016,1186,Cottage Garden
72287,2010,1189,Mr. Jack Pocket
66505,2010,1192,The Speicherstadt
299960,2020,1193,Alma Mater
218509,2018,1194,Empires of the Void II
104710,2012,1195,Wiz-War (Eighth Edition)
141517,2013,1196,A Study in Emerald
306481,2020,1198,Tawantinsuyu: The Inca Empire
176371,2016,1199,Explorers of the North Sea
230080,2017,1201,Majesty: For the Realm
164949,2017,1202,"Time of Crisis: The Roman Empire in Turmoil, 235-284 AD"
554,2000,1204,La Città
205597,2017,1205,Jump Drive
300327,2020,1206,The Castles of Tuscany
35497,2008,1210,Fauna
171669,2015,1212,Discoveries: The Journals of Lewis & Clark
182340,2016,1214,Star Trek: Frontiers
19600,2005,1215,Antike
16992,2005,1216,Tsuro
253284,2018,1220,Ticket to Ride: New York
284936,2020,1221,Café
206915,2016,1225,Tempel des Schreckens
206051,2016,1230,Insider
174570,2015,1231,Legendary Encounters: A Predator Deck Building Game
82420,2009,1233,Summoner Wars: Guild Dwarves vs Cave Goblins
25568,2008,1234,Metropolys
75449,2010,1235,Firenze
393333,2024,1237,Galileo Galilei
217449,2017,1239,NMBR 9
200077,2017,1240,Mint Works
181796,2015,1242,The Prodigals Club
21523,2005,1247,Runebound: Second Edition
157809,2014,1249,Nations: The Dice Game
185589,2016,1253,Islebound
230933,2017,1254,Merlin
301767,2020,1255,Mysterium Park
122522,2012,1257,Smash Up
191231,2016,1259,Via Nebula
168917,2015,1270,Smash Up: Pretty Pretty Smash Up
130176,2011,1273,Tales & Games: The Hare & the Tortoise
298638,2020,1274,Sheriff of Nottingham: 2nd Edition
131646,2012,1275,Merchant of Venus (Second Edition)
207691,2016,1276,Railroad Revolution
402679,2024,1277,Rock Hard: 1977
252752,2021,1279,Genotype: A Mendelian Genetics Game
194880,2016,1281,Dream Home
136991,2015,1282,Loony Quest
24068,2005,1286,Shadow Hunters
198454,2016,1287,When I Dream
145639,2013,1290,Coconuts
173090,2015,1292,The Game
55427,2009,1297,Mr. Jack in New York
97903,2013,1298,Terror in Meeple City
127518,2013,1301,A Distant Plain
163154,2016,1303,Falling Sky: The Gallic Revolt Against Caesar
69779,2012,1305,Polis: Fight for the Hegemony
271615,2019,1311,The Quest for El Dorado: The Golden Temples
419195,2024,1312,Fishing
160018,2014,1318,Smash Up: Monster Smash
72225,2012,1319,CO₂
17329,2005,1321,Animal Upon Animal
358504,2022,1326,Betrayal at House on the Hill: 3rd Edition
278,1996,1327,Catan Card Game
330592,2022,1330,Phantom Ink
145371,2014,1331,Three Kingdoms Redux
18100,2005,1333,China
60,1999,1334,Vinci
142326,2013,1339,Eight-Minute Empire: Legends
327,1992,1341,Loopin' Louie
143884,2012,1343,Machi Koro
366994,2023,1344,Bonsai
91080,2012,1346,Andean Abyss
354,1993,1352,Stick 'Em
1301,1996,1353,Netrunner
5737,2003,1356,Domaine
176544,2015,1358,Automania
229265,2017,1360,Wendake
244536,2018,1364,Tiny Epic Zombies
154246,2014,1366,La Isla
244049,2018,1367,Forum Trajanum
234669,2017,1369,Legacy of Dragonholt
43443,2009,1372,Castle Panic
282954,2020,1374,Paris
233961,2017,1379,Claim
82168,2010,1380,Escape from the Aliens in Outer Space
44163,2009,1382,Power Grid: Factory Manager
301257,2021,1386,Maglev Metro
152162,2014,1391,Diamonds
338628,2021,1392,Trails
137297,2013,1398,Rise of Augustus
8989,2004,1405,Hansa
140933,2013,1410,Blueprints
207336,2016,1414,Honshū
257614,2019,1418,Tussie Mussie
104020,2011,1419,Vanuatu
216092,2017,1420,Unlock!: Escape Adventures – Squeek & Sausage
135382,2014,1422,Shadowrun: Crossfire
184151,2017,1425,Legend of the Five Rings: The Card Game
195162,2017,1431,Plague Inc.: The Board Game
22141,2006,1432,Cleopatra and the Society of Architects
13823,2004,1434,Fairy Tale
105,1997,1435,Colossal Arena
89409,2012,1436,BattleCON: War of Indines
159473,2014,1441,Quartermaster General
27364,2007,1444,Caylus Magna Carta
254127,2023,1445,Europa Universalis: The Price of Power
34084,2008,1446,Witch's Brew
339958,2021,1447,Gutenberg
121410,2013,1456,Steam Park
151007,2014,1465,Pathfinder Adventure Card Game: Skull & Shackles – Base Set
83195,2010,1469,Ghost Blitz
41916,2009,1470,Labirinto Magico
102548,2011,1473,Dungeon Fighter
152470,2015,1477,Fief: France 1429
358124,2022,1478,Mists over Carcassonne
91873,2011,1481,Strasbourg
173101,2015,1482,Council of 4
25643,2006,1483,Arkadia
165872,2016,1484,Liberty or Death: The American Insurrection
269595,2019,1485,Copenhagen
10,1998,1486,Elfenland
183006,2015,1487,Qwinto
25821,2001,1488,The Werewolves of Miller's Hollow
16986,2003,1492,Ubongo
154386,2014,1495,Medieval Academy
299252,2020,1496,Here to Slay
182694,2015,1497,Watson & Holmes
121297,2012,1500,Fleet
30381,2007,1505,Hamburgum
85256,2010,1507,Timeline: Inventions
287938,2019,1510,Kitchen Rush (Revised Edition)
104347,2011,1512,Santiago de Cuba
9220,2004,1518,Saboteur
230085,2017,1520,Agra
131014,2012,1523,Carcassonne: Winter Edition
264982,2019,1533,Coloma
19100,2005,1535,Hacienda
42910,2009,1536,Peloponnes
1261,2001,1540,Medina
39953,2008,1541,A Game of Thrones: The Card Game
134253,2015,1542,Hostage Negotiator
332944,2021,1543,Sobek: 2 Players
826,2000,1544,Cartagena
247236,2018,1546,Duelosaur Island
18258,2005,1548,Mission: Red Planet
157526,2014,1549,Viceroy
164338,2014,1550,The Golden Ages
855,2000,1555,Java
159503,2014,1556,The Captain Is Dead
160610,2015,1557,Thunderbirds
50768,2011,1560,Ninjato
15818,2005,1561,Pickomino
191876,2016,1564,Ulm
7805,2003,1566,Fearsome Floors
205716,2016,1569,New Angeles
119591,2013,1574,Rialto
116,1998,1578,Guillotine
363369,2022,1579,Starship Captains
394,1998,1581,Kahuna
132372,2012,1583,Guildhall
257527,2018,1584,Trapwords
177802,2016,1585,Smash Up: It's Your Fault!
38713,2008,1588,Time's Up Amarela
323156,2021,1590,Stroganov
63975,2010,1592,Mountain Goats
219100,2019,1593,UBOOT: The Board Game
315727,2023,1595,Last Light
143405,2015,1599,Sylvion
4099,2002,1604,Keythedral
199,1994,1605,Manhattan
1403,1997,1608,Turn the Tide
38863,2008,1611,The Rich and the Good
150312,2013,1613,Welcome to the Dungeon
2507,1998,1614,Liberté
23094,2008,1617,Planet Steam
9203,2004,1618,Wings of War: Famous Aces
3228,2002,1624,Pueblo
393307,2024,1625,Tower Up
217085,2017,1632,Unearth
2338,2001,1634,Starship Catan
167270,2014,1635,Medina (Second Edition)
63268,2009,1638,Dobble
200511,2021,1643,After the Empire
378387,2024,1644,Inventors of the South Tigris
12495,2004,1645,Fire & Axe: A Viking Saga
254713,2019,1646,The Artemis Project
398,1994,1647,Wildlife Safari
134453,2013,1648,The Little Prince: Make Me a Planet
624,1997,1649,Quoridor
297978,2020,1651,Mariposas
127024,2013,1653,Room 25
113401,2011,1656,Timeline: Events
215841,2017,1657,Exit: The Game – The Forgotten Island
57390,2010,1662,Catacombs
15,1977,1667,Cosmic Encounter
33604,2008,1674,Say Anything
72991,2010,1676,Asara
347013,2022,1680,Get on Board: New York & London
271088,2019,1686,Ishtar: Gardens of Babylon
216201,2016,1690,Robo Rally
165950,2014,1691,Beasty Bar
438,1983,1692,Scotland Yard
244995,2018,1694,Illusion
5716,2003,1695,Balloon Cup
212516,2017,1696,Keyper
204,1999,1697,Stephenson's Rocket
163413,2014,1698,Murano
878,2001,1699,Wyatt Earp
105037,2011,1702,Tournay
348096,2022,1704,Kites
19237,2005,1705,Ca$h 'n Gun$
272682,2019,1707,Expedition to Newdale
336929,2021,1710,Land vs Sea
215842,2017,1712,Exit: The Game – The Polar Station
39684,2010,1721,Merkator
264647,2019,1722,Age of Civilization
175324,2017,1723,Fog of Love
29223,2007,1724,Marrakech
216091,2017,1727,Unlock!: Escape Adventures – The Formula
139030,2013,1732,Mascarade
371972,2023,1743,Ierusalem: Anno Domini
254018,2018,1748,Solenia
325698,2021,1752,Juicy Fruits
142992,2013,1757,Gravwell: Escape from the 9th Dimension
253214,2018,1761,Escape Tales: The Awakening
71836,2010,1764,Onirim
201,1992,1765,The Rose King
481,2000,1768,Carolus Magnus
3955,2002,1773,BANG!
217398,2017,1774,Path of Light and Shadow
116954,2012,1777,Butterfly Garden
119,1994,1778,Cosmolancer
356414,2022,1779,Space Station Phoenix
176229,2015,1782,Tides of Time
271321,2019,1785,CABO (Second Edition)
131366,2012,1787,Eight-Minute Empire
16496,2005,1791,Roma
29934,2007,1793,Amyitis
282414,2019,1797,Pharaon
129051,2012,1804,Le Havre: The Inland Port
301716,2020,1806,Glasgow
143175,2013,1807,Kashgar: Merchants of the Silk Road
6411,2003,1810,Blokus 3D
284584,2020,1811,Troyes Dice
902,2000,1816,Meuterer
316786,2021,1819,Tabannusi: Builders of Ur
196,1986,1821,Kremlin
148943,2014,1823,Coup: Rebellion G54
242,1979,1827,Junta
169794,2015,1831,Haspelknecht: The Story of Early Coal Mining
260300,2018,1840,Dungeon Mayhem
312251,2020,1841,Curious Cargo
619,1995,1850,The Bottle Imp
180020,2015,1852,Virus!
172381,2015,1857,My Village
115,1994,1860,I'm the Boss!
120523,2013,1865,Nothing Personal
109125,2012,1874,Wallenstein (Second Edition)
166571,2016,1876,Tramways
235555,2019,1879,Bios: Origins (Second Edition)
152,1995,1880,Mü & More
195043,2016,1882,Welcome Back to the Dungeon
494,1989,1886,Ave Caesar
37919,2011,1887,Ascending Empires
915,1995,1888,Mystery of the Abbey
57925,2009,1889,Havana
215840,2017,1900,Exit: The Game – The Forbidden Castle
360206,2022,1904,Discordia
266083,2019,1908,L.L.A.M.A.
275913,2019,1909,Bruxelles 1897
34887,2009,1917,Revolution!
148951,2014,1918,Tiny Epic Kingdoms
38545,2008,1923,Kamisado
143986,2013,1924,CV
125548,2012,1933,Pixel Tactics
192860,2016,1934,Oceanos
106662,2011,1935,Power Grid: The First Sparks
146816,2013,1936,Sanssouci
38862,2008,1951,Giants
193308,2016,1953,Spyfall 2
267813,2019,1955,Adventure Games: The Dungeon
92319,2011,1960,Olympos
193728,2017,1966,Pendragon: The Fall of Roman Britain
22484,2006,1968,Ingenious Travel
144041,2013,1971,Patchistory
99975,2011,1973,Timeline: Science & Discoveries
216497,2016,1980,District Noir
8129,2003,1983,Wizard Extreme
178054,2015,1991,A Study in Emerald (Second Edition)
4636,2002,1997,Clans
8098,1997,1999,Jungle Speed
267271,2019,2003,Egizia: Shifting Sands
103185,2011,2007,Walnut Grove
221769,2017,2009,Bios: Megafauna (Second Edition)
361,1973,2013,Hare & Tortoise
12761,2004,2022,Ys
274841,2020,2024,Cóatl
252446,2018,2036,Key Flow
277597,2019,2037,Fast Sloths
41933,2009,2045,Arctic Scavengers
43868,2009,2047,The Adventurers: The Temple of Chac
123239,2012,2048,Wits & Wagers Party
47055,2010,2049,High Frontier
206084,2016,2050,Nautilion
3800,2004,2052,Himalaya
5072,0,2057,Carrom
34297,2008,2059,The Climbers
423401,2024,2060,Minos: Dawn of the Bronze Age
172996,2015,2065,The King Is Dead
259374,2018,2066,Belratti
351594,2023,2069,Amalfi: Renaissance
55697,2009,2072,Power Struggle
13308,2004,2073,Niagara
57660,2006,2075,Time's Up Azul
415147,2024,2076,Spectacular
256852,2020,2078,Aliens: Another Glorious Day in the Corps
73369,2010,2087,51st State
220792,2017,2088,The Expanse Board Game
41010,2009,2089,Carcassonne Junior
351538,2023,2092,Bamboo
32125,2007,2098,Felicity: The Cat in the Sack
158900,2014,2099,Samurai Spirit
182189,2015,2100,Treasure Hunter
241831,2018,2107,Reykholt
171011,2015,2108,Favor of the Pharaoh
903,2000,2112,Hamster Roll
526,1987,2115,Abalone
123607,2012,2117,Puzzle Strike: Third Edition
180199,2017,2122,"Colonial Twilight: The French-Algerian War, 1954-62"
30658,2009,2128,Rise of Empires
21920,2006,2129,Leonardo da Vinci
145189,2013,2130,Timeline: Music & Cinema
49,1998,2136,Mamma Mia!
203430,2016,2146,Fuji Flush
299963,2020,2147,Picture Perfect
175293,2015,2148,Trambahn
257732,2019,2150,Pax Transhumanity
103092,2011,2154,Helvetia
157413,2016,2166,New Bedford
24742,2007,2170,Cold War: CIA vs KGB
220367,2020,2171,Empyreal: Spells & Steam
226501,2017,2172,Dragonfire
28089,2007,2175,Burg Appenzell
163805,2017,2183,Transatlantic
127997,2012,2185,Qin
174078,2015,2188,Holmes: Sherlock & Mycroft
120,1990,2189,Hoity Toity
29937,2007,2191,König von Siam
272427,2019,2192,Terramara
180852,2016,2193,Tiny Epic Western
35435,2008,2195,Nefertiti
104955,2012,2196,Antike Duellum
205610,2016,2205,A Game of Thrones: Hand of the King
91984,2011,2211,Québec
157096,2014,2213,Historia
35503,2009,2214,Ra: The Dice Game
202977,2017,2215,Cytosis: A Cell Biology Board Game
38386,2008,2219,A Castle for All Seasons
140,1903,2226,Pit
128667,2012,2235,Samurai Sword
300583,2020,2237,Village Green
16267,2005,2243,Trans Europa
340,1999,2245,Frank's Zoo
122842,2012,2248,Exodus: Proxima Centauri
66588,2010,2253,Wits & Wagers Family
37907,2008,2254,Diamonds Club
180592,2015,2261,Steam Time
3931,2003,2262,Mare Nostrum
63759,2010,2263,Seeland
348554,2022,2274,Autobahn
9441,2004,2280,Corrida de Tartarugas
19622,2006,2282,A Victory Lost: Crisis in Ukraine 1942-1943
34585,2008,2283,Keltis
249763,2018,2284,Claim 2
36648,2008,2286,Maldicao da Mumia
38992,2008,2288,Royal Palace
15600,2005,2306,Sardegna
181345,2015,2308,Dr. Eureka
113636,2012,2309,Edo
12477,2004,2311,Bootleggers
146221,2015,2314,Forge War
118695,2012,2334,Riff Raff
98918,2016,2336,Bios: Genesis
38765,2012,2338,Ground Floor
31105,2007,2341,Archaeology: The Card Game
276086,2022,2349,Hamlet: The Village Building Game
249,1993,2351,Lifeboats
222407,2017,2353,Lignum (Second Edition)
153507,2014,2355,Terra
198190,2016,2358,Kepler-3042
143401,2013,2360,Yunnan
275215,2022,2362,Namiji
56931,2009,2363,Arena: Roma II
176558,2015,2368,Mafia de Cuba
67239,2010,2369,Catan Histories: Settlers of America – Trails to Rails
232,1996,2370,Serenissima
28259,2007,2376,Cutthroat Caverns
466,1988,2382,Inkognito
143404,2015,2388,Castellion
125,1999,2391,Money!
169318,2015,2402,City of Spies: Estoril 1942
17710,2005,2409,Conquest of the Empire
144239,2013,2411,Impulse
12589,2004,2413,Ratzia
292126,2021,2416,Excavation Earth
193739,2016,2417,Jórvík
40393,2009,2432,FITS
144553,2013,2446,The Builders: Middle Ages
252556,2019,2456,Bosk
1234,1993,2459,Once Upon a Time: The Storytelling Card Game
228959,2019,2467,Alubari: A Nice Cup of Tea
317504,2021,2468,Mandala Stones
65515,2010,2470,Nuns on the Run
9910,2005,2474,Wings of War: Watch Your Back!
141736,2013,2476,Sail to India
255615,2018,2480,GoodCritters
317231,2020,2490,Monasterium
65282,2009,2498,Tanto Cuore
224904,2018,2501,Sunset Over Water
204574,2016,2502,The Flow of History
392492,2025,2503,Stupor Mundi
191925,2016,2515,Bandido
193322,2016,2531,Master of Orion: The Board Game
419704,2024,2534,Phoenix New Horizon
36811,2008,2539,The Princes of Machu Picchu
353152,2022,2542,Framework
7,1979,2543,Cathedral
343362,2022,2558,Oak
37141,2008,2560,Time's Up! Deluxe
46255,2009,2561,Campaign Manager 2008
66171,2010,2569,Dragonheart
25224,2006,2574,Hermagor
42124,2009,2577,Dungeon Twister 2: Prison
298635,2020,2579,Alice's Garden
86246,2011,2580,Drum Roll
17025,2005,2590,Poison
102237,2011,2596,Drako: Dragon & Dwarves
196354,2019,2597,Era of Tribes
281960,2019,2602,Kingdomino Duel
119391,2012,2603,Il Vecchio
40237,2009,2607,Long Shot
15954,2007,2608,Conquest of Paradise
31624,2007,2611,League of Six
54307,2009,2615,Chronicle
114031,2012,2622,Copycat
21632,2006,2628,To Court the King
309113,2020,2630,Ticket to Ride: Amsterdam
105593,2011,2631,Cheating Moth
634,2000,2634,River Dragons
2596,2001,2637,Villa Paletti
2569,2001,2638,Pick Picknic
81640,2010,2641,Florenza
85036,2010,2648,20th Century
75476,2010,2650,Inca Empire
35761,2008,2656,Sylla
37371,2008,2657,Piece o' Cake
36946,2008,2660,Red November
2570,2001,2661,Atlantic Star
331571,2021,2665,My Gold Mine
67888,2010,2675,Lords of Scotland
218311,2017,2676,Deckscape: Test Time
35488,2008,2692,The Name of the Rose
443,1985,2696,Code 777
372631,2023,2698,Books of Time
770,1992,2706,Korsar
151247,2014,2719,Greed
40769,2009,2721,Valdora
148601,2014,2735,1944: Race to the Rhine
220588,2019,2737,"Gandhi: The Decolonization of British India, 1917 – 1947"
638,2000,2740,Hera and Zeus
40381,2008,2746,Duck Art
66849,2010,2765,Safranito
58110,2009,2767,Horse Fever
369142,2023,2772,Savernake Forest
181960,2015,2773,Portal of Heroes
12166,2001,2788,Funkenschlag
366251,2024,2792,Mistwind
349948,2023,2800,Ceres
29073,2007,2801,Blockers!
152765,2014,2807,Thunderstone Advance: Worlds Collide
378200,2023,2818,Triqueta
257759,2018,2822,The River
67185,2010,2829,Sobek
429863,2025,2833,Covenant
217,1989,2835,A la carte
129050,2012,2836,P.I.
29972,2007,2850,El Capitán
283387,2021,2852,Rocketmen
265683,2019,2855,Second Chance
205045,2016,2864,Avenida
144270,2013,2873,Relic Runners
199793,2016,2874,Dokmus
333055,2021,2876,Subastral
180956,2016,2878,One Night Ultimate Vampire
65907,2010,2880,Mystery Express
37120,2008,2882,Pack & Stack
118705,2012,2885,Ghost Blitz 2
164698,2014,2892,Fresh Fish
16366,2005,2896,Funny Friends
145203,2013,2897,City of the Living
15318,2005,2898,Palazzo
1042,2001,2899,Dragon's Gold
103649,2011,2914,The City
203780,2016,2918,Power Grid: The Card Game
40529,1991,2922,Cosmic Encounter
37400,2008,2929,Sushi-Bar
158109,2014,2937,Onward to Venus
20134,2005,2940,The End of the Triumvirate
142121,2013,2943,Guildhall: Job Faire
4218,2002,2947,O Zoo le Mio
200454,2017,2949,Planetarium
81453,2010,2961,Famiglia
5867,2002,2968,10 Days in Europe
376740,2024,2974,Undergrove
16,1996,2975,MarraCash
30367,2007,2978,Perry Rhodan: The Cosmic League
231819,2017,2979,Sonar
256,1997,2980,Mississippi Queen
118418,2012,2983,Divinare
76150,2011,3004,Revolver
94480,2011,3007,Pantheon
16991,2005,3019,Khet: The Laser Game
40832,2009,3025,Keltis: Das Kartenspiel
231999,2017,3037,Finished!
67928,2010,3042,Puzzle Strike
76417,2010,3049,Poseidon
1155,2001,3055,Capitol
691,1993,3058,Timbuktu
172547,2015,3059,Queen's Architect
8172,2003,3060,Coyote
1917,1946,3061,Stratego
19427,2003,3062,Gemblo
8195,2002,3065,Viva Topo!
103686,2011,3068,Mundus Novus
73070,2010,3087,Olympus
111,1999,3089,Rheinländer
235591,2018,3091,History of the World
388339,2023,3102,Planta Nubo
125311,2012,3103,Okiya
296167,2020,3104,Boomerang: Australia
232520,2017,3109,Pioneers
531,2000,3111,Merchants of Amsterdam
153623,2014,3115,Limes
7866,2003,3116,10 Days in the USA
17161,2006,3129,Tempus
137423,2013,3133,Pixel Tactics 2
178570,2015,3140,Unusual Suspects
122,1992,3153,Quo Vadis?
145645,2013,3156,Le Fantôme de l'Opéra
34373,2008,3158,Tiki Topple
19995,2006,3161,Canal Mania
132544,2015,3171,Tesla vs. Edison: War of Currents
184459,2016,3174,Ave Roma
265,1994,3184,Intrigue
232666,2018,3197,Robin Hood and the Merry Men
271785,2019,3198,Slide Quest
197065,2016,3203,Valley of the Kings: Last Rites
7865,2003,3215,10 Days in Africa
32484,2007,3216,The Battle for Hill 218
117960,2012,3219,Saint Malo
345377,2022,3244,Virtù
55253,2009,3246,Atlantis
128554,2012,3258,Völuspá
156501,2014,3271,Greenland
128931,2012,3292,Noblemen
192455,2017,3295,First Martians: Adventures on the Red Planet
32116,2007,3305,Airships
254123,2018,3320,Shadowrun: Crossfire – Prime Runner Edition
99392,2011,3321,Colonial: Europe's Empires Overseas
154003,2014,3336,Pagoda
348,1999,3340,Merchants of the Middle Ages
23686,2006,3342,Gift Trap
140717,2014,3353,Progress: Evolution of Technology
932,1996,3375,Top Race
30539,2007,3380,Get Bit!
275870,2019,3384,TEAM3 GREEN
359878,2022,3403,Splito
7806,2003,3412,King Up!
272409,2019,3422,Tiny Epic Tactics
118000,2012,3439,Africana
4174,2002,3446,Lifeboat
257,1996,3452,Kill Doctor Lucky
119012,2013,3455,The Capitals
361025,2022,3460,Come Together
153737,2015,3478,Ships
4249,2002,3496,Trias
125977,2018,3503,Cataclysm: A Second World War
191538,2016,3507,Leo
300700,2020,3512,Quetzal
37734,2008,3528,Cavum
233676,2017,3533,Noria
38032,2008,3555,Byzanz
35505,2013,3559,Walk the Plank!
23730,2006,3565,Gheos
169,1993,3578,En Garde
135281,2012,3594,Serenissima (Second Edition)
14808,2006,3597,Marvel Heroes
20545,2005,3603,Rory's Story Cubes
25951,2010,3621,The Castle of the Devil
58602,2009,3625,Cable Car
38548,2008,3633,Fast Flowing Forest Fellers
75091,2010,3638,Norenberc
23451,2006,3639,Space Dealer
943,1988,3641,Ligretto
418858,2024,3642,Resafa
302917,2020,3649,King of 12
27463,2008,3651,Galactic Emperor
20022,2006,3653,Terra Nova
130792,2012,3659,Torre Encantada
433,1987,3660,Shark
236248,2018,3665,Small Islands
287742,2020,3690,TIME Stories Revolution: The Hadal Project
142325,2013,3694,Kobayakawa
39242,2010,3696,Black Friday
177249,2016,3712,The Manhattan Project: Chain Reaction
36708,2008,3714,Leader 1
138788,2013,3725,Dungeon Roll
188314,2016,3735,Topoum
199493,2016,3738,Escape the Room: Secret of Dr. Gravely's Retreat
260332,2018,3739,Hokkaido
1597,1995,3741,Streetcar
248117,2018,3760,Carson City: The Card Game
8924,2003,3761,Dancing Eggs
150926,2014,3765,Roll Through the Ages: The Iron Age
171129,2015,3769,Spinderella
177079,2015,3778,As Lendas de Andor: Chada e Thorn
174155,2015,3786,Lignum
1038,1991,3790,Tantrix
3139,2002,3812,Goldland
114387,2013,3817,Thebes: The Tomb Raiders
169704,2015,3826,Vault Wars
40770,2009,3837,The Golden City
360617,2022,3846,Findorff
8124,2003,3857,Industria
140951,2013,3879,Thunderstone: Starter Set
276997,2020,3893,X-ODUS: Rise of the Corruption
38872,2008,3907,Jet Set
34320,2008,3925,Shanghaien
270836,2019,3938,Imperial Settlers: Roll & Write
76674,2009,3939,String Railway
56707,2009,3940,Colonia
117914,2012,3946,Milestones
142830,2015,3984,Chaosmos
254619,2019,3986,Porto
341416,2021,3996,High Score
102148,2012,4026,NOIR: Deductive Mystery Game
246150,2018,4031,Arraial
224031,2017,4039,Cartagena (segunda edicao)
34599,2008,4083,Toledo
75547,2014,4090,Shipwrights of the North Sea
350198,2024,4117,Terminus
128063,2012,4128,Uchronia
84469,2010,4142,Fürstenfeld
170199,2016,4150,Solarius Mission
2290,1980,4198,Good & Bad Ghosts
38194,2008,4199,Cheaty Mages!
380,1986,4207,Polarity
3141,2002,4221,The Bucket King
140863,2013,4228,Council of Verona
163640,2014,4237,Eminent Domain: Microcosm
415090,2024,4248,Rainbow
9028,2004,4262,Tongiaki: Journey into the Unknown
329593,2021,4268,Settlement
1459,1994,4280,Sharp Shooters
2448,1940,4285,Mancala
4370,2002,4300,Fische Fluppen Frikadellen
545,1994,4311,Kaleidos
122891,2012,4328,Courtier
30356,2009,4332,Heartland
139562,2013,4346,Rockwell
257380,2018,4351,Counterfeiters
38657,2008,4360,Cities
68228,2010,4363,Railways of the World: The Card Game
27172,2007,4364,Ponte del Diavolo
22287,2006,4372,Buccaneer
193840,2016,4378,The Dragon & Flagon
154443,2014,4400,Madame Ching
21892,2006,4401,Augsburg 1520
31133,2008,4417,Ice Flow
295957,2020,4418,Holi: Festival of Colors
203828,2017,4435,"13 Minutes: The Cuban Missile Crisis, 1962"
29687,2010,4445,Leaping Lemmings
354729,2022,4455,Wonder Woods
226254,2017,4460,The Ruhr: A Story of Coal Trade
1036,1992,4467,Speculation
378001,2023,4470,Moon River
131891,2013,4479,Lost Legends
402669,2024,4489,Sand
192120,2016,4497,Meeple War
141,1999,4500,Andromeda
104573,2012,4518,Spectaculum
433384,2025,4533,Rival Cities
367260,2024,4536,Ascending Empires: Zenith Edition
32014,2008,4537,Confucius
360951,2022,4561,Catherine: The Cities of the Tsarina
3128,2002,4595,Clippers
231665,2017,4602,Fast Forward: FORTRESS
42898,2009,4624,Pocket Battles: Celts vs. Romans
18803,2004,4630,Black Stories
3452,2002,4633,Emerald
310442,2020,4637,Feierabend
263155,2019,4647,One Key
168839,2006,4653,Die Kutschfahrt zur Teufelsburg
147623,2013,4658,Friese's Landlord
53168,2009,4675,Triumvirate
40214,2009,4705,Bombay
437705,2025,4722,Horrified: Dungeons & Dragons
257733,2018,4733,Fine Sand
5534,2003,4746,Light Speed
104994,2011,4761,City Tycoon
403,1999,4772,Elk Fest
220780,2018,4810,Fairy Tile
423632,2024,4820,Asian Tigers: A Story of Prosperity
109969,2012,4827,Mutant Meeples
175878,2015,4830,504
360359,2023,4838,Neotopia
63632,2010,4859,Jerusalem
95,1990,4862,Igel Ärgern
19947,2005,4870,Ark
73313,2010,4907,Elements
41239,2009,4910,Mamma Mia! Plus
1452,1982,4916,Mhing
8946,2002,4921,Da Vinci Code
21287,2006,4946,Bison: Thunder on the Prairie
266460,2019,4980,Yinzi
140457,2013,5011,Ultimate Werewolf: Inquisition
37728,2008,5013,We Will Rock You
125924,2013,5020,Clubs
34004,2008,5025,Big Points
160561,2014,5031,Versailles
256442,2018,5034,Airship City
247,1996,5035,Gloria Picktoria
119337,2012,5039,Aeroplanes: Aviation Ascendant
113293,2012,5054,Article 27: The UN Security Council Game
4553,2002,5090,Attribute
9675,2004,5095,La Strada
192,1999,5106,Nicht die Bohne!
387763,2023,5109,How Dare You?
98347,2012,5143,Empires of the Void
309728,2022,5155,Pessoa
39832,2009,5170,Sumeria
224894,2017,5186,Michael Strogoff
38797,2008,5203,Uruk: Wiege der Zivilisation
306173,2021,5215,Lisbon Tram 28
192185,2016,5217,Matryoshka
321,1995,5224,The Mole in the Hole
41052,2009,5274,Loco Motive
31545,2006,5291,Pow Wow
146149,2013,5322,Quick Cups
38318,2008,5334,Start Player
255037,2018,5346,Silk
235512,2017,5386,Loot Island
278685,2023,5457,The Barracks Emperors
1376,2001,5471,Serengeti
55601,2010,5475,Sneaks & Snitches
12171,2003,5502,Le Passe-Trappe
31745,2007,5512,Utopia
231664,2017,5528,Fast Forward: FEAR
35935,2007,5532,Day & Night
176361,2015,5607,One Night Revolution
293309,2020,5608,Kraken Attack!
26235,2007,5614,Pick & Pack
92666,2013,5641,Hegemonic
72644,2001,5660,Perplexus
120669,2013,5685,No Retreat!: The North African Front
181161,2015,5695,Brick Party
282918,2019,5711,Garum
22497,2006,5716,Straw
300,1993,5720,Tutankhamen
11231,2004,5764,Snorta!
123228,2012,5780,Bling Bling Gemstone
276633,2020,5782,Rossio
388838,2023,5784,Black Friday
55863,2009,5812,The Three Musketeers: The Queen's Pendants
284982,2019,5857,Drako: Knights & Trolls
132620,2012,5919,Gobbit
2555,2001,5923,Vom Kap bis Kairo
56758,2009,5929,BasketBoss
6481,2003,5933,Ada's Library
1197,1995,5939,Speed
108161,2011,5960,Aquileia
38931,2010,5978,Basilica
146559,2013,5998,Infamy
24770,2006,6035,Quietville
94483,2010,6085,Hoot Owl Hoot!
393000,2023,6098,Ex Libris: Revised Edition
163641,2016,6108,Eminent Domain: Battlecruisers
102,1999,6112,Klunker
145219,2013,6121,Craftsmen
172507,2015,6124,Mmm!
13530,2004,6206,Sole Mio!
11081,2004,6216,Familienbande
43264,2009,6237,Pocket Rockets
334646,2022,6263,Dice Hospital: ER – Emergency Roll
62853,2011,6317,JAB: Realtime Boxing
390094,2023,6322,FTW?!
21930,2006,6340,Crazy Kick
243993,2019,6356,La Stanza
4475,2002,6367,Unexpected Treasures
8138,2003,6417,Kogge
203405,2016,6434,Brutal Kingdom
334827,2024,6441,Starship Interstellar
2968,2001,6454,Ka-Ching!
67917,2013,6458,Colonialism
240843,2018,6528,Maiden's Quest
872,2000,6536,M
363481,2022,6541,Fancy Feathers
17162,2004,6617,The Little Orchard
385833,2023,6639,Freaky Frogs From Outaspace
83197,2010,6647,Zen Master
3321,2002,6648,Piramide do Jaguar
117854,2012,6661,Kosmonauts
10206,2004,6664,Make 'n' Break
99437,2011,6668,Rumble in the House
147305,2013,6702,Om Nom Nom
151,1989,6726,Piratenbillard
147768,2013,6745,Five Cucumbers
9021,2004,6753,Sunken City
344408,2021,6780,Full Throttle!
292900,2021,6796,Squaring Circleville
3093,1999,6799,Croak!
192735,2016,6820,Broom Service: The Card Game
8126,2003,6866,Maya
228390,2017,6956,Sunflower Valley
367206,2022,6971,Mysterium Kids: Captain Echo's Treasure
152567,2014,6972,Basari: Das Kartenspiel
316085,2020,6978,Ukiyo
34166,2008,7016,Finito!
185021,2015,7024,Liguria
285554,2019,7066,Fire!
258389,2018,7069,Futuropia
230358,2018,7076,Penny Papers Adventures: The Temple of Apikhabou
339753,2022,7077,Évora
12830,2004,7093,Cellar des Triplettes
3586,1999,7121,Sherlock
5393,2002,7188,Wheedle
72800,2010,7197,RoadZters
436161,2025,7269,Koi
245222,2018,7308,Squadro
41658,2009,7336,Adios Amigos
217553,2017,7404,Go Go Gelato!
161782,2014,7539,Kremlin (Third Edition)
171136,2015,7628,Pingo Pingo
401501,2024,7650,Floresta
228943,2017,7701,Barbaria
8096,2003,7711,Logistico
40935,2009,7739,Zoowaboo
300095,2020,7852,Jubako
245710,2018,7867,Blossoms
5222,2000,7874,Old Town
65990,2010,7909,Don Quixote
74,1999,7980,Apples to Apples
85105,2010,7996,Travel Blog
38387,2008,8006,Los Banditos
145501,2013,8048,Fun Farm
125315,2012,8069,FlowerFall
364042,2022,8169,Moesteiro
359,1998,8171,Bucket Brigade
8192,2003,8173,Railroad Dice
27940,2007,8321,RattleSnake
404,1994,8354,Worm Up!
300148,2021,8364,Spy Connection
186475,2015,8397,Princess Legend
6117,2003,8401,Nobody but Us Chickens
170223,2016,8411,Centauri Saga
188343,2017,8440,Brides & Bribes
277,1991,8472,Res Publica
121993,2012,8523,We Will Wok You
938,1981,8538,Enchanted Forest
156457,2014,8568,Gloobz
172358,2015,8648,Master Fox
102835,2011,8728,Lost Temple
31853,2007,8771,Black Box +
359234,2022,8808,Air Mail
94365,2011,8991,Sultans of Karaya
270637,2019,9008,Axio Rota
21704,2006,9052,Fiji
256728,2018,9162,Raiatea
306202,2021,9314,Philosophia: Floating World
23935,2006,9329,Oshi
344508,2022,9400,Insecta: The Ladies of Entomology
256801,2018,9401,Fast Forward: FORTUNE
1253,2001,9410,Limits
75782,2010,9414,The Phantom League
56880,2009,9543,El Paso
246316,2018,9549,Forbidden City
301,1996,9580,Campanile
180256,2015,9687,It's Mine
285570,2020,9692,Decipher
1806,2001,9721,Trupe dos Porquinhos
271044,2019,9760,UNDO: Cherry Blossom Festival
129946,2012,9764,AttrAction
37362,2008,9787,Robot Master
136245,2013,9795,Ka-Boom
166109,2014,9870,Meteor
203042,2016,9881,Microworld
38858,2009,9883,Strada Romana
403601,2024,9926,Winter Court
26884,2007,9960,Escalation!
305,1992,9986,Der Fliegende Holländer
67309,2010,10009,Hey Waiter!
303,1992,10061,Koalition
231666,2017,10219,Fast Forward: FLEE
2452,1983,10324,Jenga
5014,2002,10540,Hands Up
274548,2019,10663,6 Castles
120305,2012,10781,Farmerama
66116,2010,10805,Snapshot
21955,2006,10982,Treehouse
76728,2010,11146,Freeze
910,1995,11368,Kunst Stücke
44614,2009,11380,Who Would Win
131616,2012,11509,Nautilus
87893,2010,11541,Take It or Leave It
351540,2022,11842,Walkie Talkie
281020,2019,11914,Treasures of Cibola
41372,2010,12137,Zombie in My Pocket
34905,2008,12569,Backseat Drawing
171950,2015,12996,Hands
145928,2013,13070,Empire Engine
50381,2009,13245,Cards Against Humanity
298376,2020,13358,MEOW
299159,2020,13689,Vidrado
291549,2020,14015,Go Slow!
259551,2018,14033,Magic Fold
67910,2010,14095,Mini FITS
33156,2008,14104,Magnet
454,1991,14258,Tante Tarantel
41054,2009,14342,You Robot
281516,2019,14377,Gelato Mio
69105,2010,14388,Toledo 1085
148494,2013,14454,"1,2,3! Now you see me..."
114871,2012,14499,For The Win
120814,2012,14789,Off Your Rocker
1218,1995,15341,Junior Labyrinth
22399,2006,15716,MixUp
128662,2012,15817,Northwest Passage Adventure
192203,2015,16365,Millions: The Last Soldier
28258,2007,16383,Ubongo Mini
612,1999,16845,Kippit
151369,2014,16903,Illegal
20031,2005,16972,Ahoy
380915,2023,17278,Lunaris 45
365621,2023,17284,Morgan's Magic Map
276121,2019,17305,Nobjects
252197,2018,17770,One Week Ultimate Werewolf
533,2000,18016,Labyrinth: The Card Game
2922,1999,18124,Chairs
133713,2012,18143,Vem aí a Troika
192226,2016,18836,Showdown
20036,2005,19171,Spinnentwist
422178,2024,19479,Lost in Adventure: The Labyrinth
165889,2014,20389,Safe Breaker
35763,2008,20897,Climb!
28238,2007,21032,Kitty Bitty
2989,1998,21230,Instinct
118001,2012,21235,Kleine Fotosafari
21634,2006,21385,Cincinnati
8336,2003,21736,Top Speed
244460,2018,21840,Invisible
88011,2012,22793,AstroNuts
29352,2008,23368,Lupusburg
12317,2004,23783,Brouhaha
25677,2006,23929,Formidable Foes
66047,2010,24620,Wild Horses
5640,2001,24656,Bombay Bazar
18902,2005,25427,Sputnik
203410,2016,25927,Ascended
38359,2008,26062,The 3 Commandments
41190,2009,26545,At Full Throttle
42062,2009,26954,Pants on Fire!
24473,2006,28259,Megastar
28047,2007,28831,Covert Action
19409,2003,29304,Mouse Chaos
31016,2007,29490,We Didn't Playtest This At All
24669,2003,888888,Merkolino
35446,2007,888888,Stix
40960,2009,888888,Cloud Pictures
65599,2010,888888,Turi-Tour
72673,2010,888888,Knights of Crylail
76120,2009,888888,Toppletree
90592,2010,888888,Trafffic
118080,2012,888888,Der kleine Drache Kokosnuss und das Geheimnis der Mumie
124494,2008,888888,Meisterrechner
154597,2010,888888,Hive Pocket
165469,2014,888888,Council of Verona (Second Edition)
169814,2014,888888,AEG Black Friday Black Box
174226,2015,888888,Arctic Scavengers: Base Game+HQ+Recon
181327,2015,888888,Die holde Isolde
182961,2013,888888,Shadowrun: Crossfire – Demo Box
211323,2016,888888,Guns & Steel: A Civilization Card Game
245931,2019,888888,Neta-Tanka: Deluxe Edition
265023,2018,888888,CardsLab Countries (Third Edition)
285998,2019,888888,Tiny Epic Tactics: Deluxe Edition
298703,2020,888888,Fringers
311464,2020,888888,Florenza: X Anniversary Edition
329591,2021,888888,Ultimate Railroads
329841,2021,888888,Ticket to Ride: Europe – 15th Anniversary
340889,2022,888888,Game Set Match
349703,2023,888888,Race! Formula 90: 2nd Edition
356238,2022,888888,Terra Mystica: Big Box
365980,2022,888888,Quinto Império II
376480,2022,888888,Nine-minute Kingdom: Kickstarter Edition
414757,2025,888888,The Secrets of Zorro
